Latest Developments Show Clear Roadmap To Energy Storage Becoming 50% Of Tesla Revenues,"Nick CoxThu, Nov. 12409 Comments"
Insane' Growth Vs. 'Crazy' Valuations: A Bottom-Up View Of The Tech Sector (Podcast),"Lets Talk ETFsThu, Nov. 1227 Comments"
"Tesla: Secret Sauce For Valuation, Strong Buy Rating","Elazar Advisors, LLCWed, Nov. 11481 Comments"
Tesla: China Growth Struggles,"Bill MaurerTue, Nov. 10357 Comments"
Tesla Just Put The Accelerator Down On The EV And Battery Boom,"Matt BohlsenMon, Nov. 09423 Comments"
Tesla: Competition Is Mounting,"Long Term TipsFri, Nov. 06644 Comments"
Tesla Is No Snowflake,"Bram de HaasWed, Nov. 04347 Comments"
Tesla Is A Data Company At Worst,"Ophelia ResearchTue, Nov. 03306 Comments"
Tesla: Street Still Doesn't Believe,"Bill MaurerTue, Oct. 27523 Comments"
Tesla: A Q3 Profit Conceals Underlying Problems,"John EngleTue, Oct. 27212 Comments"
Tesla Faces A Real Demand Problem In China,"John EngleMon, Oct. 26988 Comments"
Tesla's Hard To Justify Valuation,"Damien RobbinsFri, Oct. 23313 Comments"
Tesla: Bears Have No Moat Here,"Bears of Wall StreetFri, Oct. 23344 Comments"
"In 2021, Tesla's Autonomy Tech May Change Skeptics' Minds","Eady CapitalFri, Oct. 23353 Comments"
Tesla's Third-Quarter Results Prove It Still Can't Make A Profit Selling Cars,"John EngleThu, Oct. 22500 Comments"
Tesla Q3 Results Lack Sizzle,"Bill MaurerThu, Oct. 22217 Comments"
"Tesla Is Losing EV Market Share In The EU, Here's What To Expect","Gold PandaThu, Oct. 22302 Comments"
Tesla Q3 2020 Earnings Preview,"Bill MaurerMon, Oct. 19282 Comments"
Major New Developments Racking Up For Tesla In Asia,"Nick CoxFri, Oct. 16559 Comments"
Tesla: The Story Unfolds,"Larry HallFri, Oct. 16355 Comments"
Tesla's Race To The Bottom,"Bill MaurerThu, Oct. 15913 Comments"
"Tesla Vs. The Dinosaurs - Round 1, Europe","Jaberwock ResearchTue, Oct. 13964 Comments"
Tesla Battery Day: Full Self-Driving Next Month,"Arne VerheydeThu, Oct. 08733 Comments"
Tesla's Ego Suffers A Hit And Run From Volkswagen's ID,"Montana SkepticThu, Oct. 081329 Comments"
Tesla's Model 3 Lost In The World's Most Advanced EV Market In A Peak Month,"Gold PandaThu, Oct. 08481 Comments"
"Tesla: The Higher It Goes, The Riskier It Becomes","Louis StevensWed, Oct. 07144 Comments"
Tesla: Not A Bubble Whatsoever; Battery Day Bull,"MangoTree AnalysisWed, Oct. 07222 Comments"
Tesla Fans Are Convincing The World To Buy The Stock,"Sean ChandlerTue, Oct. 06356 Comments"
"Tesla Set To Fall Short Of 500,000 Delivery Target In 2020","John EngleMon, Oct. 05681 Comments"
Tesla: Q3 Numbers Spark Questions,"Bill MaurerMon, Oct. 05333 Comments"
Making The Tesla Stock's Market,"Peter F. Way, CFAFri, Oct. 0261 Comments"
Tesla's Lithium Mining Plans - Take It With A Pinch Of Salt,"Jaberwock ResearchThu, Oct. 01250 Comments"
Tesla Is Being Overtaken,"Warren LudfordWed, Sep. 301919 Comments"
Tesla's Battery Day: An Unexpected Increase In Manganese Demand,"Edward Vranic, CFATue, Sep. 2947 Comments"
Tesla Q3 Numbers To Watch,"Bill MaurerMon, Sep. 28302 Comments"
Tesla: Forget About Its Inclusion In The S&P 500,"Francisco Javier GarciaFri, Sep. 25366 Comments"
Tesla ZEV Credit Moat Cycle,"Elazar Advisors, LLCThu, Sep. 24252 Comments"
"Tesla To Make Cells In Germany? Umm, Not So Fast, Elon","Montana SkepticThu, Sep. 241231 Comments"
Tesla: Musk Opens Up About Challenges Ahead,"Bram de HaasThu, Sep. 24312 Comments"
Tesla Battery Day: No Battery,"Anton WahlmanWed, Sep. 23433 Comments"
Tesla: Where Battery Day Went Wrong,"Paulo SantosWed, Sep. 23724 Comments"
Tesla: Battery Day Hype Machine,"Bill MaurerMon, Sep. 21516 Comments"
Tesla's D&O Insurance Fiasco,"Montana SkepticWed, Sep. 16756 Comments"
"Tesla Battery Day: Out With The Cobalt, In With The Manganese","Edward Vranic, CFATue, Sep. 15477 Comments"
Tesla Battery Day Will Be Critical For Energy Division As Well As For Vehicles,"Nick CoxSun, Sep. 13538 Comments"
Tesla: Put The Odds In Your Favor,"Josh ArnoldFri, Sep. 11243 Comments"
Tesla: Let's Talk About The Company's Other 'Businesses',"The Value PortfolioWed, Sep. 09405 Comments"
Tesla Drops On S&P 500 Snub,"Bill MaurerTue, Sep. 08173 Comments"
"Tesla In Buffalo: New York Extends, Pretends, Spends, And Bends","Montana SkepticTue, Sep. 08225 Comments"
Tesla: Battleground Europe,"RD BarrisThu, Sep. 03971 Comments"
Tesla's Revenue Would Need To Increase More Than 40 Times To Justify Its Valuation,"The Value PortfolioWed, Sep. 02633 Comments"
Tesla's Solar Ambitions Are Taking Form,"Simple Investment IdeasWed, Sep. 02205 Comments"
Why Tesla Won't Be The Next Apple,"Jonathan WeberWed, Sep. 02480 Comments"
Tesla: One Thing Isn't Rising,"Bill MaurerSun, Aug. 30744 Comments"
Tesla: Residual Value Curiosity,"Bill MaurerWed, Aug. 26647 Comments"
Tesla: How It Still May Deliver Sustainable Alpha,"Editors' PickDoctoRxMon, Aug. 24243 Comments"
Impact Of Tesla In The S&P 500,"Mehdi Zare CFAMon, Aug. 24272 Comments"
Tesla: The Most Dangerous Stock For Fiduciaries,"David TrainerMon, Aug. 24487 Comments"
Tesla: Next Capital Raise Already Here,"Bill MaurerTue, Aug. 18349 Comments"
Tesla Investors Are Flying Blind In China,"Montana SkepticMon, Aug. 171634 Comments"
Tesla And The S&P 500?,"ETF GlobalMon, Aug. 1765 Comments"
Strong Drivers For Growth For Tesla Auto Business On 3 Continents,"Nick CoxThu, Aug. 131102 Comments"
Tesla: 5 Major Tests Coming Soon,"Bill MaurerMon, Aug. 10533 Comments"
Tesla: A Strong Buy When The Fall Correction Arrives,"Victor DergunovWed, Aug. 05427 Comments"
Polestar 2 Outsold Tesla Model 3 In Some Countries,"Anton WahlmanTue, Aug. 04550 Comments"
Tesla's Scores A Big Reduction In Unsold Inventory,"Donn BaileyMon, Aug. 03566 Comments"
Possible Tesla S&P Inclusion Price Dynamics,"Ross TessienSat, Aug. 01463 Comments"
Tesla: Revelation Of Regulatory Credits And The Questionable Accounting,"Sunil ShahWed, Jul. 291128 Comments"
Tesla Looking For Q3 Demand Surge,"Bill MaurerTue, Jul. 28327 Comments"
Tesla And Irrational Exuberance,"Gasebu Private InvestorMon, Jul. 27437 Comments"
Tesla: The Bubble Might Finally Pop,"Equanimity InvestingSun, Jul. 26426 Comments"
Tesla's Stock Price Discounts Temporal Wormhole Into The Future,"Vitaliy Katsenelson, CFASun, Jul. 26229 Comments"
Tesla: An Opportunity To Buy The Dip,"MangoTree AnalysisSun, Jul. 26616 Comments"
New Energy Storage Developments To Drive Next Phase Of Tesla's Growth,"Nick CoxFri, Jul. 24405 Comments"
Tesla May Be Using Questionable Accounting Policies To Show Profitability,"Editors' PickEnerTuitionFri, Jul. 24321 Comments"
Time To Short Tesla: Bubble Burst Next?,"Paul FrankeFri, Jul. 24405 Comments"
Tesla: Q2 Results Not That Great,"Bill MaurerThu, Jul. 23729 Comments"
"Tesla: Excuse Me, 1999 Is Calling","Louis StevensWed, Jul. 22518 Comments"
Tesla's Next Q2: Very Likely To See Another Profitable Quarter,"Francisco Javier GarciaWed, Jul. 2261 Comments"
Tesla's Brandenburg Folly,"Montana SkepticTue, Jul. 211033 Comments"
Tesla's Lead Is Increasing And Q2 Expectations,"Ross TessienTue, Jul. 21409 Comments"
Tesla's Frothy $300 Billion Valuation: The Correction Approaches,"Victor DergunovMon, Jul. 20361 Comments"
Tesla Earnings Preview: S&P 500 Time,"Bill MaurerSun, Jul. 19418 Comments"
Tesla's Positive Feedback On Share Price And Possible $50B On S&P Inclusion,"Ross TessienFri, Jul. 17474 Comments"
Tesla Share Price On Autopilot,"James EmanuelFri, Jul. 17251 Comments"
"Nikola, Rivian, NIO, Fisker - Tesla's Competition Is Arriving","Tim WorstallThu, Jul. 16369 Comments"
Tesla: What Happens When The Mother Of All Short Squeezes Ends,"The European ViewThu, Jul. 16296 Comments"
Tesla And The S&P 500,"Guy WhiteheadThu, Jul. 16137 Comments"
Tesla: S&P 500 Inclusion Could Hurt Shorts More,"Damien RobbinsThu, Jul. 1663 Comments"
"Tesla: Don't Buy The Stock, Or The Car","Jonathan WeberWed, Jul. 151445 Comments"
The Math Behind Tesla's 2041 Breakeven Projection,"Tariq DennisonTue, Jul. 14230 Comments"
"Tesla: Laser-Focused On Disruptive Innovation, $1,750+ Next","MangoTree AnalysisTue, Jul. 14202 Comments"
My 3 Reasons To Buy More Tesla Stock At $1400,"Vincenzo FurcilloTue, Jul. 14285 Comments"
Tesla Rally Means Q2 GAAP Dilemma,"Bill MaurerMon, Jul. 13223 Comments"
Tesla Says 'Catch Me If You Can' - But They Can't,"Editors' PickDoctoRxMon, Jul. 13291 Comments"
Tesla: You Should Buy The Stock Not The Car (Part 2),"Raffi BalyozyanFri, Jul. 10389 Comments"
Tesla: The Autopilot 3D Update Will Be A Significant Stock Catalyst,"Eady CapitalFri, Jul. 10434 Comments"
Tesla's Share Price Problem Is COVID-19,"Keith WilliamsWed, Jul. 08335 Comments"
Tesla's Brandenburg Adventure,"Jaberwock ResearchWed, Jul. 08221 Comments"
Tesla: Major November 2020 Risk,"Bill MaurerMon, Jul. 06390 Comments"
"Tesla: More To Go, And A Look At The Stock Market - Great News, Bad Action (Video)","Elazar Advisors, LLCSun, Jul. 05204 Comments"
Tesla Soars On Q2 Delivery Report,"Bill MaurerThu, Jul. 02385 Comments"
"Tesla: Buy The Car, But Not The Stock","Value Growth MasterThu, Jul. 02347 Comments"
"Tesla Unit Sales Fall 5% From Last Year, Unlike GM's Heavy-Duty Pickup Trucks","Anton WahlmanThu, Jul. 02284 Comments"
Tesla Stock Price May Be Due To Potential S&P Inclusion,"Ross TessienTue, Jun. 30499 Comments"
Tesla Short Squeeze Thesis Fading,"Bill MaurerMon, Jun. 29265 Comments"
Tesla: Watching Q2 Coronavirus Deliveries,"Bill MaurerFri, Jun. 26270 Comments"
Tesla: Ignoring Quality Issues Is No Longer An Option,"John EngleThu, Jun. 25339 Comments"
"Questions Remain, But This May Now Be The Time For The Tesla Semi","Nick CoxThu, Jun. 25131 Comments"
Tesla V2G Technology Could Dramatically Increase Demand And Sales Of All Models,"Ross TessienThu, Jun. 25615 Comments"
Tesla: Quality Issues And Soft Demand Plague Model Y Rollout,"John EngleWed, Jun. 24542 Comments"
Tesla Makes An Expensive Decision,"Donn BaileyWed, Jun. 17649 Comments"
Why Tesla Is Surging While Ford And GM Struggle,"Keith WilliamsWed, Jun. 17653 Comments"
Tesla: 2020 Second Half Predictions,"Bill MaurerMon, Jun. 15303 Comments"
Activity In Shanghai Paints Bullish Picture For Tesla,"Nick CoxFri, Jun. 12326 Comments"
Tesla Rally Feeds On Itself,"Bill MaurerThu, Jun. 11166 Comments"
Tesla: Catching The Nikola Wave,"John EngleThu, Jun. 11190 Comments"
Why Tesla Should Be Aware Of The New 'Holy Grail' In Lithium Batteries,"Juan Carlos ZuletaWed, Jun. 10120 Comments"
Tesla's Double-WTF Chart Of The Year,"Wolf RichterWed, Jun. 10231 Comments"
Tesla Model Y: The Legacy Car Killer,"Ross TessienTue, Jun. 09509 Comments"
ARK Changes Its View On Tesla,"Bill MaurerTue, Jun. 09292 Comments"
Tesla: Fabulous Returns And Growing Balance Sheet Strength,"Robert HoneywillTue, Jun. 0966 Comments"
Tesla: Analysts Are Very Bearish,"Bill MaurerMon, Jun. 08307 Comments"
Tesla: Never A Dull Moment,"Louis StevensThu, Jun. 04171 Comments"
Tesla: How Q2 Could Get Worse,"Bill MaurerTue, Jun. 02381 Comments"
"Tesla Demand: Price Cuts, Cali Work At Home, Model Y, And More","Editors' PickFishtown CapitalMon, Jun. 01367 Comments"
Tesla's EV Market Share Is Low And Falling,"Anton WahlmanFri, May 29372 Comments"
"Tesla Ready For Import/Export, Taking The BEV Beyond Transport","Keith WilliamsFri, May 29204 Comments"
Short-Term Portfolio Workshop - Hedging Into The Weekend,"Philip DavisFri, May 2917 Comments"
Tesla: China Trade War Risk,"Bill MaurerWed, May 27102 Comments"
"EVs Are A Niche Product, And Tesla Is Even Losing In This Niche","RD BarrisTue, May 261093 Comments"
Tesla's New D&O Policy Adds Risk Instead Of Covering It,"Montana SkepticTue, May 26289 Comments"
Asia Set To Further Accentuate The Demand For Tesla Cars,"Nick CoxThu, May 21263 Comments"
Tesla: The Q2 Mystery,"Bill MaurerTue, May 19287 Comments"
Why I'm Moving To Neutral From Doubtful On Tesla And Elon Musk,"Doron LevinMon, May 18152 Comments"
Tips For Texas About Tesla,"Montana SkepticSun, May 17443 Comments"
Tesla Board Should Issue Response,"Bill MaurerWed, May 13311 Comments"
Tesla Inc.: Anatomy Of A Trade,"Dan StringerWed, May 1376 Comments"
Tesla And Carvana: A Peculiar Relationship,"Montana SkepticTue, May 12382 Comments"
Tesla: Continued Hype Falls Flat,"Bill MaurerMon, May 11230 Comments"
3 Reasons Tesla Will Struggle In 2020,"Bram de HaasMon, May 11176 Comments"
Tesla Is More Than A Car Maker,"The Value TrendSun, May 10440 Comments"
Tesla: World Domination Lies In The Palm Of Its Hand,"Louis StevensFri, May 08338 Comments"
"Tesla: The Range Discrepancy, Part II","RD BarrisThu, May 07518 Comments"
Tesla: The S&P 500 Battle,"Bill MaurerThu, May 07135 Comments"
Why I Sold All My Tesla Shares,"Victor DergunovTue, May 05345 Comments"
Tesla Delivers - But A Tweet Storm Ensues,"Value NinjaMon, May 0471 Comments"
Tesla's Illusory Liquidity: An Update And Cash Burn Estimate,"Montana SkepticMon, May 04391 Comments"
"Tesla Shows Q1 Profit, Remains Expensive But Is Still A Buy","Cohan ChewFri, May 01153 Comments"
Tesla: Q1 Credit Sales Fuel Beats,"Bill MaurerFri, May 0179 Comments"
Tesla: Some Cash Concerns,"Dan StringerThu, Apr. 30190 Comments"
Tesla: Elon Musk Share Pledging Soars,"Bill MaurerThu, Apr. 30103 Comments"
Tesla Needs To Correct A Material 10-Q Error,"Montana SkepticThu, Apr. 30325 Comments"
Tesla CEO's Big Payday - Coming Soon,"Jaberwock ResearchWed, Apr. 29147 Comments"
Tesla Takes China Subsidy Hit,"Bill MaurerTue, Apr. 28234 Comments"
How Strong Is China's Leverage Over Tesla?,"Montana SkepticMon, Apr. 27569 Comments"
Tesla May Increase Earnings With Virtual Power Plants,"Ross TessienSat, Apr. 25259 Comments"
The Tesla Semi Is Still Stalled,"John EngleFri, Apr. 24295 Comments"
Tesla's Transformation Into A Chinese Company Seems Unstoppable,"Editors' PickMontana SkepticFri, Apr. 241196 Comments"
Vertical Integration Will Drive Further Energy Storage Demand For Tesla In 2020 And Beyond,"Nick CoxThu, Apr. 23178 Comments"
Tesla Q1 Earnings Preview,"Bill MaurerWed, Apr. 22448 Comments"
Tesla Is Not An Automotive Winner In The New Economic Environment,"Anton WahlmanMon, Apr. 20413 Comments"
Tesla Needs To Ramp Up Shanghai Production Further To Meet Demand In 2020,"Nick CoxFri, Apr. 10559 Comments"
Tesla Faces Coronavirus Cash Crunch,"John EngleThu, Apr. 09374 Comments"
Tesla's First Quarter Model S And X Sales Lowest In Years,"Bill CunninghamThu, Apr. 09255 Comments"
Multiple Real-World Tests Show That Tesla Has No 'Secret Sauce' With Its Battery Range,"RD BarrisThu, Apr. 091617 Comments"
Tesla: Estimating Q1 Cash Burn,"Bill MaurerWed, Apr. 08162 Comments"
Tesla Unsold Inventory Soars 112%,"Donn BaileyWed, Apr. 08439 Comments"
Why Tesla Remains A Strong Buy,"Victor DergunovTue, Apr. 07270 Comments"
"For Tesla, Coronavirus Changes Everything","Montana SkepticMon, Apr. 06803 Comments"
Tesla Fiat Agreement: Big Windfall Vs Big Disappointment,"Guy WhiteheadSun, Apr. 05221 Comments"
"Tesla: From Little Things, Big Things Grow","Keith WilliamsSat, Apr. 04376 Comments"
Tesla Q1 Units Release Disappointing,"Bill MaurerFri, Apr. 03311 Comments"
Some Thoughts On The Outlook For Tesla's Q2 Sales: Lower,"Anton WahlmanFri, Apr. 03111 Comments"
Tesla's Delivery Report Is Unusually Curt,"Montana SkepticFri, Apr. 03522 Comments"
Tesla: End Of Q1 Setup,"Bill MaurerMon, Mar. 30348 Comments"
Tesla Faces Existential Risks,"Alpha GeneratorMon, Mar. 30223 Comments"
Tesla: Lessons From A Cage Fighter,"Montana SkepticMon, Mar. 30231 Comments"
Tesla's New Market Share Loss In Norway,"Anton WahlmanFri, Mar. 27346 Comments"
Tesla: A Bear Turns More Positive,"Value NinjaThu, Mar. 26247 Comments"
Tesla: Elon Musk Wins Again,"Bill MaurerMon, Mar. 23638 Comments"
Why We Downgraded Tesla And How We Get Back In,"Elazar Advisors, LLCMon, Mar. 23113 Comments"
Tesla's Liquidity Is Largely Illusory,"Montana SkepticSun, Mar. 22694 Comments"
"Tesla: Sub $35,000 Model 3 Here","Bill MaurerFri, Mar. 20512 Comments"
Massive Tax Breaks In The U.K. Bring Both Opportunity And Risk For Tesla,"Jaberwock ResearchTue, Mar. 17145 Comments"
Tesla Should Raise Capital Again,"Bill MaurerMon, Mar. 16303 Comments"
Tesla Looking For More Subsidies,"Bill MaurerFri, Mar. 13409 Comments"
Tesla: Solving Autonomous Driving Like A Video Game,"Eady CapitalThu, Mar. 12180 Comments"
"Collect $41 Million From Tesla? It's Up To You, New York","Montana SkepticThu, Mar. 12255 Comments"
"In The Hole In 3 European Countries, Tesla Has Much Wood To Chop For Q1","Anton WahlmanWed, Mar. 11150 Comments"
Tesla: Be Ready For A Big Q1 Miss,"MangoTree AnalysisMon, Mar. 09255 Comments"
Tesla Q1 Push Faces Major Uncertainty,"Bill MaurerMon, Mar. 09245 Comments"
Battery Cells: Tesla Could Lose The Competition For Independence,"The European ViewThu, Mar. 05316 Comments"
Tesla: China Hardware Issue A Bad Look,"Bill MaurerThu, Mar. 05197 Comments"
Tesla's Gross Margin: Bad To Worse,"RD BarrisThu, Mar. 05607 Comments"
"Norway February Electric Car Sales Are In, And Tesla Was Beaten By The Competition","Anton WahlmanMon, Mar. 02584 Comments"
Stationary Batteries Will Become The Other Half Of Tesla's Business,"Keith WilliamsFri, Feb. 28262 Comments"
Tesla: Model 3 Losing Market Share In Europe Will Hurt,"Gold PandaFri, Feb. 28254 Comments"
Tesla Risk On The Rise,"Bill MaurerThu, Feb. 27346 Comments"
On First Looking Into Tesla's 10-K,"Montana SkepticMon, Feb. 24798 Comments"
"Tesla: Bullish Q4 Print, Moving To Neutral","MangoTree AnalysisThu, Feb. 20205 Comments"
Tesla Has A 'Delirious' Valuation No Matter How You Look At It,"John AlfordWed, Feb. 19478 Comments"
Tesla's Big Revenue Shift In 2019,"Donn BaileyTue, Feb. 18671 Comments"
Tesla: More Mixed Messages,"Bill MaurerTue, Feb. 18300 Comments"
Think Of Tesla Stock As The Hermes Birkin Handbag For Today's Equity Market,"Doron LevinTue, Feb. 18140 Comments"
Tesla: Bullish Stock Action,"Elazar Advisors, LLCTue, Feb. 18135 Comments"
Energy Storage Will Electrify Tesla's Future Results,"Nick CoxThu, Feb. 13528 Comments"
Tesla Raises Money Before Investors See The Bad European Sales Numbers,"Anton WahlmanThu, Feb. 13593 Comments"
Tesla: No Excuses Now,"Bill MaurerTue, Feb. 11408 Comments"
ETFs Continue To Pump The Brakes On Tesla,"ETF GlobalTue, Feb. 1182 Comments"
Fear Turns Into Fear Of Missing Out - Alpha Trader Talks With Helene Meisler (Podcast),"Alpha TraderTue, Feb. 1137 Comments"
Academic Research Says Tesla Likely To Give Back At Least Some Short Squeeze Gains,"Logan KaneMon, Feb. 10150 Comments"
Tesla: Overvalued But Has Potential For Long-Term Growth,"Steven FiorilloMon, Feb. 10136 Comments"
"Tesla: No Bubble Here, Contrarian Divergence - Bullish","Elazar Advisors, LLCMon, Feb. 10228 Comments"
Tesla: An Obvious Sell At Above $750,"Conviction Capital ResearchMon, Feb. 10180 Comments"
Tesla's Potential Trajectory During The Next 5 Years,"ARK Investment ManagementSun, Feb. 09187 Comments"
Tesla's 'Foundational Rewrite' Of Autopilot: An Overlooked Upside Risk,"Eady CapitalSat, Feb. 08390 Comments"
Tesla: Shareholders Should Prepare For Potential Dilution,"ALT PerspectiveFri, Feb. 07227 Comments"
LiDAR: Discussing The Best Autonomous Driving Sensor Suite,"Long Term TipsFri, Feb. 07312 Comments"
A Do-It-Yourself (DIY) Valuation Of Tesla: Of Investment Regrets And Disagreements,"Aswath DamodaranFri, Feb. 07120 Comments"
Tesla: Reminiscences Of A Stock Bubble,"Louis StevensThu, Feb. 06510 Comments"
Tesla: No More Short Squeeze In Sight,"Kwan-Chen MaThu, Feb. 06195 Comments"
Tesla: The Top Is Here,"Victor DergunovWed, Feb. 05264 Comments"
Tesla: Fake News Fuels Rally,"Bill MaurerTue, Feb. 04573 Comments"
"5 Reasons Tesla Shorts Should Double Up, Not Give Up","Tariq DennisonTue, Feb. 04771 Comments"
Tesla Stock Price Goes Ballistic,"Donn BaileyMon, Feb. 03724 Comments"
"Even Assuming Full Production Capacity From 2 Factories, Tesla Shares Are Too Expensive","Ruerd HeegMon, Feb. 03292 Comments"
The Key To Tesla's Future Is Full Self-Driving,"Bram de HaasMon, Feb. 03148 Comments"
"Tesla: A Solid Year, But The Future Is Even Brighter","Pinxter AnalyticsSun, Feb. 02317 Comments"
"Tesla: Tracking The Amazon/Apple Paradigms, And It's Still Early Days","DoctoRxFri, Jan. 31412 Comments"
An Ode To Luck: Revisiting My Tesla Valuation,"Aswath DamodaranFri, Jan. 31232 Comments"
The Verdict Is In: Audi And Jaguar Electric SUVs Outsold Tesla Model X And S In Europe,"Anton WahlmanThu, Jan. 30293 Comments"
Tesla Surges Despite Mixed Results,"Bill MaurerThu, Jan. 30352 Comments"
"In The Second Half Of 2019, Tesla's Revenue Fell 3%, And Earnings Fell 45%","Anton WahlmanWed, Jan. 29491 Comments"
Fear Of Missing Out Turns Into Fear (Podcast),"Alpha TraderTue, Jan. 2825 Comments"
Tesla: It's Earnings Time,"Bill MaurerMon, Jan. 27565 Comments"
Tesla Will Likely Report A GAAP Profit In Its Q4 Earnings Report,"iBEVMon, Jan. 27116 Comments"
6 Questions For Tesla's Earnings Call,"Montana SkepticMon, Jan. 27504 Comments"
Tesla's Sweet Timing On Its BEV Truck,"Keith WilliamsSat, Jan. 25776 Comments"
Tesla's European Model 3 Sales To Decline By 60% In January Based On Registration Data,"Anton WahlmanFri, Jan. 24357 Comments"
Tesla's Capacity Expansion Will Send Margins Into Reverse,"Critical ScenariosThu, Jan. 23233 Comments"
Here's Why Tesla Continues Its Surge,"Victor DergunovThu, Jan. 23149 Comments"
The Next Really Big Thing - Cody Willard Talks With Alpha Trader (Podcast Transcript),"Alpha TraderThu, Jan. 2319 Comments"
"Tesla Is In Ludicrous Mode, But Curves Ahead For The Auto Sector (Video)","Stock WavesWed, Jan. 22169 Comments"
Tesla Autopilot Safety Rate Crashes,"Bill MaurerTue, Jan. 21300 Comments"
Tesla Lost U.S. Market Share To Cadillac And Lincoln In 2019,"Anton WahlmanTue, Jan. 21219 Comments"
The Next Really Big Thing - Cody Willard Talks With Alpha Trader (Podcast),"Alpha TraderTue, Jan. 2151 Comments"
Tesla's Q4 Earnings: Expect A Substantial Beat,"Long Term TipsMon, Jan. 20324 Comments"
Tesla Is Going Nowhere,"Decoding MarketsFri, Jan. 17337 Comments"
Tesla's Supercharger Powerhouse,"Long Term TipsFri, Jan. 17308 Comments"
Our Eye Is On Tesla With A 10-Year Production Forecast - Target Price: $655.72,"HedgeMix LimitedFri, Jan. 1777 Comments"
"Tesla Stock Has Come Too Far, Too Fast","Adam Levine-Weinberg CFAThu, Jan. 16245 Comments"
Even Bulls Are Selling Tesla At A $90 Billion Market Cap,"ASB CapitalThu, Jan. 16215 Comments"
Tesla: Euphoria Kicks In,"Sean ChandlerThu, Jan. 1699 Comments"
Tesla: 2020 Key Numbers,"Bill MaurerWed, Jan. 15276 Comments"
Tesla's Decidedly Mediocre Margin,"Montana SkepticWed, Jan. 15862 Comments"
Breaking Down Tesla Stock Price,"Kwan-Chen MaTue, Jan. 14280 Comments"
German Gigafactory To Be The Final Piece In The Puzzle For Tesla,"Nick CoxTue, Jan. 14250 Comments"
"Tesla: Monster Run, Still Bullish, Still Upside, But Watching Q4 EPS","Elazar Advisors, LLCTue, Jan. 14169 Comments"
Tesla: Predictions For 2020,"Bill MaurerMon, Jan. 13343 Comments"
Electricity Shock: Toyota Camry Cheaper To Fuel Than A Tesla Model 3,"Anton WahlmanMon, Jan. 131121 Comments"
"Tesla: Self-Supervised Learning, Dojo, And Full Self-Driving","Eady CapitalSun, Jan. 12224 Comments"
Musk Is Dancing For A Reason,"Louis StevensFri, Jan. 10401 Comments"
Tesla: Time For Capital Raise,"Bill MaurerThu, Jan. 09414 Comments"
Tesla: There Is A Better Option To Invest Your Money And Addressing Bullish Tesla Arguments,"The European ViewTue, Jan. 07237 Comments"
Tesla Q4 Deliveries Quite Strong,"Bill MaurerTue, Jan. 07383 Comments"
"Tesla At $451 A Share, Post 2019 Delivery Numbers, Is A ('Soft') Sell","The Fortune TellerMon, Jan. 06320 Comments"
Tesla: Running Out Of Steam,"Common Sense TradesMon, Jan. 06218 Comments"
"Forget The Share Price, Tesla Is Still A Short","RD BarrisMon, Jan. 06476 Comments"
My Fearless Forecasts For Tesla's 2020,"Montana SkepticFri, Jan. 03992 Comments"
"Tesla: Ahead Of A Reduction In The EV Tax Incentive In The Netherlands, Record Sales","Anton WahlmanThu, Jan. 02548 Comments"